"id","order_booking_id","optional_id"
"d1d4e62f-18fd-476a-82dd-e5a666200bad","c5102a54-eef5-4e3c-a596-f1368cc2b3b3","6506daa0-29eb-4e12-869e-9e5c8fc82325"
"98181b74-ea99-49df-bc7e-2f766d97798f","02648b07-1ffe-4ab2-ac23-8ee00b8b93f7","6506daa0-29eb-4e12-869e-9e5c8fc82325"
"4b920e9f-ed3f-4de7-b477-641fd2682409","454dac92-e6b7-4343-b369-56ce869fdfcf","6506daa0-29eb-4e12-869e-9e5c8fc82325"
"7d6f2df6-7ff9-430a-b24d-cbabb2696a8e","be7d5159-7dd6-4bf1-8eaf-d46223508ee0","6506daa0-29eb-4e12-869e-9e5c8fc82325"
"01803af4-609c-4b0a-b8cb-caf1a854bc58","c58d246c-c538-40f3-b7f1-9666e890c391","f560a5ac-19ce-4c0d-98a8-a37390eb5099"
"56b8b137-8074-4253-9e2d-b2216f77a1f3","ffc632d5-4ca0-4c2f-8950-2a4e907fe35b","f560a5ac-19ce-4c0d-98a8-a37390eb5099"
"5a066f71-3aa0-481c-a34b-53042f79cbe9","a595e24f-45c7-499f-a243-b5fd73edaefc","320a0dfa-be68-4956-880b-84bb6ffe33dd"
"5f94e0da-1936-44c8-bc75-3e367e05c2f4","f3a4efcc-030f-4e79-9a64-487c15d328c6","f560a5ac-19ce-4c0d-98a8-a37390eb5099"








