"id","user_id","role_id"
"cdc999d3-90d7-41fa-a228-779a52295a9a","c99c27c2-7a40-461e-a45c-9f06d7261503","fc922896-e3c9-4ae0-adf6-ca49f1a3dfbf"
"9697bcad-964e-4be7-b097-2ac6ab53905c","2f837de3-6410-4725-a0df-181200c62e60","fc922896-e3c9-4ae0-adf6-ca49f1a3dfbf"
"16632582-2ccc-4496-a296-54f58aad8eb4","e263c5f9-499d-4311-93e5-9c839ad297d5","fc922896-e3c9-4ae0-adf6-ca49f1a3dfbf"
"371ab1e7-7188-4cc8-b809-9e040aa5514c","79d5aaab-e7a3-42e5-90d5-37b9f996735c","e375792e-1ce9-4b79-b3eb-f53f51bd8219"
"4791ce65-2e19-41c7-88fe-cd237e74cc7b","16e56973-d783-413a-952d-32f5c9da6f2a","fc922896-e3c9-4ae0-adf6-ca49f1a3dfbf"
"060d9038-3e09-49d0-9a26-0eb9a2b76d1b","f76f60ec-be5b-49ca-be16-f52c8090f45f","fc922896-e3c9-4ae0-adf6-ca49f1a3dfbf"
"d66e02f4-c526-42cf-96d9-10113659d1fa","af037075-4b03-479a-ab26-824cdbadf877","fc922896-e3c9-4ae0-adf6-ca49f1a3dfbf"
"f46d51b6-5dbf-4a25-8cbf-d38c5127763c","8909ba36-3fd0-494f-8065-3a4bb94538ec","e375792e-1ce9-4b79-b3eb-f53f51bd8219"
"88bb79c6-7ef1-4ac6-8352-65979c8c7e21","aef2636d-35b4-4f74-87b9-d38bfa1b16c6","fc922896-e3c9-4ae0-adf6-ca49f1a3dfbf"
"e150b4a4-40d9-4d4b-8b03-95ff8ce9a2cb","f2d7d5d5-3553-4381-8fab-bf75a77d8137","fc922896-e3c9-4ae0-adf6-ca49f1a3dfbf"
"e3839146-38ba-402a-add2-db954d8eed0b","f2d7d5d5-3553-4381-8fab-bf75a77d8137","e375792e-1ce9-4b79-b3eb-f53f51bd8219"











